{
  "name": "ng-file-upload",
  "main": "ng-file-upload.js",
  "homepage": "https://github.com/danialfarid/ng-file-upload",
  "dependencies": {
    "angular": ">1.2.0"
  },
  "authors": [
    "danialf <danial.farid@gmail.com>"
  ],
  "description": "Lightweight Angular JS directive to upload files. Support drag&drop, paste image, progress and abort",
  "ignore": [],
  "license": "MIT",
  "version": "12.1.0",
  "_release": "12.1.0",
  "_resolution": {
    "type": "version",
    "tag": "12.1.0",
    "commit": "4d7030e426582160319be9aac5b22011d893af86"
  },
  "_source": "https://github.com/danialfarid/angular-file-upload-bower.git",
  "_target": "~12.1.0",
  "_originalSource": "ng-file-upload"
}