{
  "name": "angular-messages",
  "version": "1.5.11",
  "license": "MIT",
  "main": "./angular-messages.js",
  "ignore": [],
  "dependencies": {
    "angular": "1.5.11"
  },
  "homepage": "https://github.com/angular/bower-angular-messages",
  "_release": "1.5.11",
  "_resolution": {
    "type": "version",
    "tag": "v1.5.11",
    "commit": "4853e43f00243d582b4f6145b6096129ca91fbdf"
  },
  "_source": "https://github.com/angular/bower-angular-messages.git",
  "_target": "~1.5.0",
  "_originalSource": "angular-messages"
}