[
    {
        "id": 0,
        "guid": "de3db502-0a33-4e47-a0bb-35b6235503ca",
        "isActive": false,
        "balance": "$3,489.00",
        "picture": "http://placehold.it/32x32",
        "age": 30,
        "name": "Sandoval Mclean",
        "gender": "male",
        "company": "Zolavo",
        "email": "sandovalmclean@zolavo.com",
        "phone": "+1 (902) 569-2412",
        "address": {
            "street": 317,
            "city": "Blairstown",
            "state": "Maine",
            "zip": 390
        },
        "about": "Fugiat velit laboris sit est. Amet eu consectetur reprehenderit proident irure non. Adipisicing mollit veniam enim veniam officia anim proident excepteur deserunt consectetur aliquip et irure. Elit aliquip laborum qui elit consectetur sit proident adipisicing.\r\n",
        "registered": "1991-02-21T23:02:31+06:00",
        "friends": [
            {
                "id": 0,
                "name": "Rosanne Barrett"
            },
            {
                "id": 1,
                "name": "Nita Chase"
            },
            {
                "id": 2,
                "name": "Briggs Stark"
            }
        ]
    },
    {
        "id": 1,
        "guid": "9f507483-5ecc-4af4-800f-349306820585",
        "isActive": false,
        "balance": "$2,407.00",
        "picture": "http://placehold.it/32x32",
        "age": 22,
        "name": "Nieves Mack",
        "gender": "male",
        "company": "Oulu",
        "email": "nievesmack@oulu.com",
        "phone": "+1 (812) 535-2614",
        "address": {
            "street": 155,
            "city": "Cherokee",
            "state": "Kentucky",
            "zip": 4723
        },
        "about": "Culpa anim anim nulla deserunt dolor exercitation eu in anim velit. Consectetur esse cillum ea esse ullamco magna do voluptate sit ut cupidatat ullamco. Et consequat eu excepteur do Lorem aute est quis proident irure.\r\n",
        "registered": "1989-07-26T15:52:15+05:00",
        "friends": [
            {
                "id": 0,
                "name": "Brewer Maxwell"
            },
            {
                "id": 1,
                "name": "Ayala Franks"
            },
            {
                "id": 2,
                "name": "Hale Nichols"
            }
        ]
    },
    {
        "id": 2,
        "guid": "58c66190-15be-4e75-9b09-183599403241",
        "isActive": false,
        "balance": "$3,409.00",
        "picture": "http://placehold.it/32x32",
        "age": 20,
        "name": "Terry Clay",
        "gender": "female",
        "company": "Freakin",
        "email": "terryclay@freakin.com",
        "phone": "+1 (965) 462-3681",
        "address": {
            "street": 124,
            "city": "Wright",
            "state": "Pennsylvania",
            "zip": 8002
        },
        "about": "Exercitation exercitation adipisicing eu cupidatat reprehenderit laborum incididunt reprehenderit Lorem anim. Velit aliquip dolore qui excepteur dolor non occaecat aute et. Consectetur anim veniam irure ea id aliqua amet. Nostrud tempor ullamco velit labore consequat aute nostrud nostrud veniam cupidatat amet nostrud quis. Qui exercitation eiusmod esse eu officia officia Lorem Lorem ullamco voluptate excepteur fugiat nulla et. Ea ipsum ut do culpa labore non duis commodo sit. Id sint dolor ipsum consectetur nostrud nulla consectetur esse deserunt.\r\n",
        "registered": "2000-12-02T22:19:28+06:00",
        "friends": [
            {
                "id": 0,
                "name": "Etta Hawkins"
            },
            {
                "id": 1,
                "name": "Zamora Barlow"
            },
            {
                "id": 2,
                "name": "Lynette Vinson"
            }
        ]
    },
    {
        "id": 3,
        "guid": "0a1b0539-73ec-473a-846a-71a58e04551c",
        "isActive": false,
        "balance": "$3,567.00",
        "picture": "http://placehold.it/32x32",
        "age": 21,
        "name": "Bishop Carr",
        "gender": "male",
        "company": "Digirang",
        "email": "bishopcarr@digirang.com",
        "phone": "+1 (860) 463-2942",
        "address": {
            "street": 824,
            "city": "Homeworth",
            "state": "Oklahoma",
            "zip": 5215
        },
        "about": "Nulla ullamco sint exercitation minim ea sunt. Excepteur minim tempor velit in. Proident id reprehenderit nisi officia in anim elit laboris aute sint amet voluptate. Deserunt et nostrud magna eu esse ea adipisicing non quis sint fugiat consectetur enim sint. Magna elit mollit eiusmod non voluptate sunt.\r\n",
        "registered": "2012-10-15T19:03:24+05:00",
        "friends": [
            {
                "id": 0,
                "name": "Young Gentry"
            },
            {
                "id": 1,
                "name": "Dean Lopez"
            },
            {
                "id": 2,
                "name": "Mccray Bradford"
            }
        ]
    },
    {
        "id": 4,
        "guid": "f82261a1-71d0-4d96-aeb6-03e300112f18",
        "isActive": true,
        "balance": "$1,931.00",
        "picture": "http://placehold.it/32x32",
        "age": 33,
        "name": "Hatfield Hudson",
        "gender": "male",
        "company": "Quonata",
        "email": "hatfieldhudson@quonata.com",
        "phone": "+1 (981) 476-2966",
        "address": {
            "street": 853,
            "city": "Bynum",
            "state": "Rhode Island",
            "zip": 3382
        },
        "about": "In fugiat elit ipsum qui occaecat elit enim eu labore. Esse incididunt adipisicing nostrud veniam proident duis ex aute sit id. Exercitation occaecat nisi incididunt ut esse nostrud pariatur. Consectetur culpa minim deserunt minim proident consectetur incididunt enim duis adipisicing pariatur proident.\r\n",
        "registered": "2000-09-05T10:41:58+05:00",
        "friends": [
            {
                "id": 0,
                "name": "Munoz Sharp"
            },
            {
                "id": 1,
                "name": "Louella Vaughn"
            },
            {
                "id": 2,
                "name": "Cleveland Parker"
            }
        ]
    },
    {
        "id": 5,
        "guid": "3eeb5290-1357-4c8b-8ca3-ea9f01521928",
        "isActive": false,
        "balance": "$2,215.00",
        "picture": "http://placehold.it/32x32",
        "age": 29,
        "name": "Madge Wilkerson",
        "gender": "female",
        "company": "Mixers",
        "email": "madgewilkerson@mixers.com",
        "phone": "+1 (947) 551-2199",
        "address": {
            "street": 374,
            "city": "Springdale",
            "state": "Minnesota",
            "zip": 7453
        },
        "about": "Officia laboris laborum dolore ad minim ad mollit et excepteur adipisicing do non nostrud officia. Anim in exercitation dolor cupidatat deserunt. Commodo excepteur aliqua consequat do. Aliquip incididunt quis sunt cillum reprehenderit consequat.\r\n",
        "registered": "2005-12-16T01:13:09+06:00",
        "friends": [
            {
                "id": 0,
                "name": "Tabatha Mclaughlin"
            },
            {
                "id": 1,
                "name": "Letitia Evans"
            },
            {
                "id": 2,
                "name": "Greta Sykes"
            }
        ]
    },
    {
        "id": 6,
        "guid": "29bc47e3-5275-49be-b9cf-95853f1c5801",
        "isActive": true,
        "balance": "$3,623.00",
        "picture": "http://placehold.it/32x32",
        "age": 30,
        "name": "Harrell Gaines",
        "gender": "male",
        "company": "Namebox",
        "email": "harrellgaines@namebox.com",
        "phone": "+1 (902) 410-2375",
        "address": {
            "street": 639,
            "city": "Jackpot",
            "state": "Virginia",
            "zip": 4822
        },
        "about": "Magna non sit laboris amet Lorem occaecat tempor aute cillum ut dolore dolor pariatur. Amet consequat id consequat id esse aliquip. Irure anim ex veniam aliquip magna aute velit qui duis minim.\r\n",
        "registered": "1998-08-08T13:08:45+05:00",
        "friends": [
            {
                "id": 0,
                "name": "Beatriz Lancaster"
            },
            {
                "id": 1,
                "name": "Cora Lawrence"
            },
            {
                "id": 2,
                "name": "Elva Pate"
            }
        ]
    },
    {
        "id": 7,
        "guid": "7e7aba67-7562-4bea-9a16-86108f41b4b4",
        "isActive": true,
        "balance": "$2,731.00",
        "picture": "http://placehold.it/32x32",
        "age": 23,
        "name": "Christensen Wall",
        "gender": "male",
        "company": "Elentrix",
        "email": "christensenwall@elentrix.com",
        "phone": "+1 (985) 594-3954",
        "address": {
            "street": 510,
            "city": "Vandiver",
            "state": "Colorado",
            "zip": 5384
        },
        "about": "Est quis nostrud elit sint commodo consectetur ea ullamco tempor voluptate veniam reprehenderit. Elit Lorem aliqua dolore commodo officia labore. Cupidatat proident qui ullamco in cillum.\r\n",
        "registered": "1992-06-19T22:03:28+05:00",
        "friends": [
            {
                "id": 0,
                "name": "Olsen Rosario"
            },
            {
                "id": 1,
                "name": "Janelle Mcintosh"
            },
            {
                "id": 2,
                "name": "Dorothy Gallegos"
            }
        ]
    },
    {
        "id": 8,
        "guid": "8345f097-17d7-4a8d-8f16-dffbb92dab55",
        "isActive": false,
        "balance": "$1,971.00",
        "picture": "http://placehold.it/32x32",
        "age": 40,
        "name": "Solomon Flowers",
        "gender": "male",
        "company": "Bizmatic",
        "email": "solomonflowers@bizmatic.com",
        "phone": "+1 (815) 587-2364",
        "address": {
            "street": 834,
            "city": "Edmund",
            "state": "Wisconsin",
            "zip": 6804
        },
        "about": "Deserunt cillum consectetur do irure aliqua non. Velit sunt incididunt consectetur pariatur Lorem. Exercitation eiusmod esse fugiat occaecat cillum in. Reprehenderit Lorem proident anim amet incididunt laborum. Enim ex eiusmod cillum occaecat cillum dolor non sunt nostrud enim occaecat duis sit. Commodo commodo culpa amet dolore Lorem ipsum nulla adipisicing quis. In Lorem ad ipsum non voluptate exercitation consectetur excepteur ipsum.\r\n",
        "registered": "2006-03-04T18:49:18+06:00",
        "friends": [
            {
                "id": 0,
                "name": "Mercedes Reed"
            },
            {
                "id": 1,
                "name": "Anastasia Todd"
            },
            {
                "id": 2,
                "name": "Alfreda Snyder"
            }
        ]
    },
    {
        "id": 9,
        "guid": "aed7f3f9-e5e0-4d1e-88a7-94976095b01f",
        "isActive": true,
        "balance": "$1,291.00",
        "picture": "http://placehold.it/32x32",
        "age": 36,
        "name": "Flossie Davidson",
        "gender": "female",
        "company": "Marketoid",
        "email": "flossiedavidson@marketoid.com",
        "phone": "+1 (831) 464-3405",
        "address": {
            "street": 969,
            "city": "Linwood",
            "state": "Connecticut",
            "zip": 9693
        },
        "about": "Aute laboris amet officia anim. Tempor cillum laborum dolor fugiat sint minim ullamco nisi aliquip Lorem mollit eiusmod do. Excepteur culpa aute aute incididunt et tempor nulla officia nostrud.\r\n",
        "registered": "1991-12-27T21:30:00+06:00",
        "friends": [
            {
                "id": 0,
                "name": "Doreen Pittman"
            },
            {
                "id": 1,
                "name": "Baker Salinas"
            },
            {
                "id": 2,
                "name": "Mcdowell Bryan"
            }
        ]
    },
    {
        "id": 10,
        "guid": "aca740c5-e492-4254-a38e-da9a6e293a1e",
        "isActive": true,
        "balance": "$3,393.00",
        "picture": "http://placehold.it/32x32",
        "age": 28,
        "name": "Rodriquez Kent",
        "gender": "male",
        "company": "Telpod",
        "email": "rodriquezkent@telpod.com",
        "phone": "+1 (918) 489-2703",
        "address": {
            "street": 186,
            "city": "Succasunna",
            "state": "North Carolina",
            "zip": 1844
        },
        "about": "Magna do aliquip laboris laborum duis aute magna laborum dolore occaecat. Sit culpa tempor qui eiusmod tempor occaecat. Amet pariatur laboris do exercitation quis ipsum do.\r\n",
        "registered": "1996-12-30T13:14:49+06:00",
        "friends": [
            {
                "id": 0,
                "name": "Perkins Kaufman"
            },
            {
                "id": 1,
                "name": "Serena Solis"
            },
            {
                "id": 2,
                "name": "Alyssa Mercer"
            }
        ]
    },
    {
        "id": 11,
        "guid": "09008245-6877-4181-badd-43a6a5099ae4",
        "isActive": true,
        "balance": "$3,880.00",
        "picture": "http://placehold.it/32x32",
        "age": 38,
        "name": "Lawson Meyer",
        "gender": "male",
        "company": "Fuelworks",
        "email": "lawsonmeyer@fuelworks.com",
        "phone": "+1 (812) 451-2916",
        "address": {
            "street": 206,
            "city": "Bladensburg",
            "state": "Georgia",
            "zip": 2294
        },
        "about": "Incididunt minim nulla excepteur voluptate labore ipsum reprehenderit occaecat qui duis minim aute amet. Do commodo magna incididunt anim in ipsum exercitation. Ipsum nostrud ipsum veniam aliquip irure nulla tempor quis. Voluptate magna in eu tempor sunt in sunt enim nisi duis pariatur anim consequat est.\r\n",
        "registered": "2007-03-15T12:15:01+05:00",
        "friends": [
            {
                "id": 0,
                "name": "Howe Delgado"
            },
            {
                "id": 1,
                "name": "Goldie Santana"
            },
            {
                "id": 2,
                "name": "Fuentes Schneider"
            }
        ]
    },
    {
        "id": 12,
        "guid": "5014486c-fdf9-45f0-9f29-f3762180ce4d",
        "isActive": false,
        "balance": "$3,703.00",
        "picture": "http://placehold.it/32x32",
        "age": 26,
        "name": "Cheryl Mueller",
        "gender": "female",
        "company": "Hotcakes",
        "email": "cherylmueller@hotcakes.com",
        "phone": "+1 (943) 425-3326",
        "address": {
            "street": 823,
            "city": "Nipinnawasee",
            "state": "Arkansas",
            "zip": 2742
        },
        "about": "Irure ea dolor labore adipisicing. Duis pariatur aute enim aute veniam voluptate sint labore ipsum laborum. Cillum amet in occaecat labore ea. Aliqua ad eu elit duis qui cupidatat Lorem enim voluptate ipsum nostrud consectetur Lorem cillum.\r\n",
        "registered": "1995-10-20T09:33:29+05:00",
        "friends": [
            {
                "id": 0,
                "name": "Durham Hewitt"
            },
            {
                "id": 1,
                "name": "Kristie Hanson"
            },
            {
                "id": 2,
                "name": "Susan Weiss"
            }
        ]
    },
    {
        "id": 13,
        "guid": "65903217-3e10-4aa3-ad58-8293c33bb573",
        "isActive": true,
        "balance": "$3,467.00",
        "picture": "http://placehold.it/32x32",
        "age": 28,
        "name": "Marci Gill",
        "gender": "female",
        "company": "Pawnagra",
        "email": "marcigill@pawnagra.com",
        "phone": "+1 (971) 515-3892",
        "address": {
            "street": 337,
            "city": "Osmond",
            "state": "Delaware",
            "zip": 2131
        },
        "about": "Consectetur dolore do cupidatat proident consectetur cillum elit commodo sit. Officia Lorem id laboris enim exercitation veniam est. Sunt laborum eu cupidatat nisi quis deserunt esse consectetur elit mollit esse. Elit eiusmod magna aliquip enim nostrud.\r\n",
        "registered": "2005-08-10T17:06:51+05:00",
        "friends": [
            {
                "id": 0,
                "name": "Becky Gilliam"
            },
            {
                "id": 1,
                "name": "Maynard Lyons"
            },
            {
                "id": 2,
                "name": "Delaney Goodwin"
            }
        ]
    },
    {
        "id": 14,
        "guid": "20b311d2-6eb8-4863-b006-f0472b69b69c",
        "isActive": false,
        "balance": "$1,451.00",
        "picture": "http://placehold.it/32x32",
        "age": 28,
        "name": "Kelly Roy",
        "gender": "female",
        "company": "Aquazure",
        "email": "kellyroy@aquazure.com",
        "phone": "+1 (893) 541-3485",
        "address": {
            "street": 676,
            "city": "Marbury",
            "state": "Alabama",
            "zip": 9686
        },
        "about": "Amet anim dolor ipsum sunt. Deserunt occaecat esse Lorem ad non consequat id dolore fugiat proident nulla mollit deserunt nulla. Eu exercitation amet laboris qui Lorem velit Lorem magna exercitation elit in nulla magna. Eu officia eu sint do consectetur mollit et fugiat sint tempor Lorem deserunt. Duis incididunt cillum incididunt adipisicing velit enim ad laborum ut ullamco quis irure nulla. Ex dolor exercitation nisi reprehenderit dolor. Laboris eiusmod ullamco aliqua adipisicing occaecat.\r\n",
        "registered": "1992-05-29T18:15:10+05:00",
        "friends": [
            {
                "id": 0,
                "name": "Garner Combs"
            },
            {
                "id": 1,
                "name": "Cervantes Rasmussen"
            },
            {
                "id": 2,
                "name": "Solis Fuller"
            }
        ]
    },
    {
        "id": 15,
        "guid": "78d84243-9477-4ee1-8383-6926c9738e04",
        "isActive": true,
        "balance": "$2,835.00",
        "picture": "http://placehold.it/32x32",
        "age": 31,
        "name": "Sparks Berger",
        "gender": "male",
        "company": "Squish",
        "email": "sparksberger@squish.com",
        "phone": "+1 (813) 469-3191",
        "address": {
            "street": 163,
            "city": "Wedgewood",
            "state": "South Dakota",
            "zip": 3203
        },
        "about": "Et dolore duis fugiat sunt excepteur. Ipsum eiusmod occaecat irure consequat aute. Incididunt exercitation nostrud occaecat dolor eu aliqua aliquip fugiat occaecat sit minim do commodo enim. Mollit et sit exercitation occaecat esse reprehenderit culpa.\r\n",
        "registered": "2011-07-26T15:48:47+05:00",
        "friends": [
            {
                "id": 0,
                "name": "Peterson Workman"
            },
            {
                "id": 1,
                "name": "Lynch Ross"
            },
            {
                "id": 2,
                "name": "Dyer Whitfield"
            }
        ]
    },
    {
        "id": 16,
        "guid": "36d0a6d5-9c20-4565-a562-cb5f78f0f4b4",
        "isActive": true,
        "balance": "$3,108.00",
        "picture": "http://placehold.it/32x32",
        "age": 21,
        "name": "Annie Orr",
        "gender": "female",
        "company": "Lunchpod",
        "email": "annieorr@lunchpod.com",
        "phone": "+1 (805) 533-2734",
        "address": {
            "street": 997,
            "city": "Trinway",
            "state": "Louisiana",
            "zip": 6555
        },
        "about": "Nostrud pariatur laboris sint eiusmod consectetur enim minim elit commodo laboris sunt tempor. Magna laborum consequat voluptate consectetur eiusmod. Irure duis ea ipsum voluptate laboris Lorem ad consectetur aliquip reprehenderit enim.\r\n",
        "registered": "2012-03-09T22:44:11+06:00",
        "friends": [
            {
                "id": 0,
                "name": "Gray Bush"
            },
            {
                "id": 1,
                "name": "Agnes Washington"
            },
            {
                "id": 2,
                "name": "Zimmerman Alexander"
            }
        ]
    },
    {
        "id": 17,
        "guid": "881ad6a4-3057-43d9-a0f4-d06f9110c843",
        "isActive": true,
        "balance": "$1,481.00",
        "picture": "http://placehold.it/32x32",
        "age": 20,
        "name": "Carissa Bender",
        "gender": "female",
        "company": "Pearlessa",
        "email": "carissabender@pearlessa.com",
        "phone": "+1 (828) 447-2266",
        "address": {
            "street": 212,
            "city": "Datil",
            "state": "New Hampshire",
            "zip": 3936
        },
        "about": "Anim sint ad pariatur proident occaecat sunt. Ipsum sit sit magna enim Lorem commodo consectetur nisi mollit aliquip ipsum qui laborum incididunt. Adipisicing duis cupidatat commodo fugiat ex deserunt ad non. Cillum voluptate laborum cupidatat dolor do aliquip veniam dolor est labore id quis enim anim.\r\n",
        "registered": "2006-09-13T10:39:16+05:00",
        "friends": [
            {
                "id": 0,
                "name": "Willie Graves"
            },
            {
                "id": 1,
                "name": "Hansen Irwin"
            },
            {
                "id": 2,
                "name": "Thornton Oconnor"
            }
        ]
    },
    {
        "id": 18,
        "guid": "8996dab7-a8b7-41fc-be45-324404d58d0c",
        "isActive": false,
        "balance": "$1,324.00",
        "picture": "http://placehold.it/32x32",
        "age": 24,
        "name": "Michelle Huffman",
        "gender": "female",
        "company": "Aquasseur",
        "email": "michellehuffman@aquasseur.com",
        "phone": "+1 (809) 470-2888",
        "address": {
            "street": 491,
            "city": "Winfred",
            "state": "Florida",
            "zip": 1292
        },
        "about": "Amet et minim occaecat consequat cillum laboris laboris cillum consectetur commodo aliquip. Mollit laboris nulla est reprehenderit. Velit laboris occaecat nisi irure mollit et enim id duis sint incididunt.\r\n",
        "registered": "2004-09-21T16:54:39+05:00",
        "friends": [
            {
                "id": 0,
                "name": "Wise Calderon"
            },
            {
                "id": 1,
                "name": "Jennie Whitehead"
            },
            {
                "id": 2,
                "name": "Weeks Guthrie"
            }
        ]
    },
    {
        "id": 19,
        "guid": "55f535af-d174-4063-ba76-7023d945f7a3",
        "isActive": false,
        "balance": "$1,019.00",
        "picture": "http://placehold.it/32x32",
        "age": 32,
        "name": "Caroline Kirkland",
        "gender": "female",
        "company": "Boilicon",
        "email": "carolinekirkland@boilicon.com",
        "phone": "+1 (941) 521-3591",
        "address": {
            "street": 285,
            "city": "Mansfield",
            "state": "Nevada",
            "zip": 9715
        },
        "about": "Ea commodo Lorem pariatur qui velit est ipsum qui non eiusmod esse. Irure velit ipsum tempor qui irure nostrud amet ad consequat eu consectetur in exercitation. Cupidatat exercitation duis sint occaecat et. Incididunt elit Lorem consequat eiusmod pariatur dolor. Officia non occaecat excepteur irure officia labore exercitation ea dolore ea id aute sit fugiat.\r\n",
        "registered": "1991-06-20T23:43:39+05:00",
        "friends": [
            {
                "id": 0,
                "name": "Wheeler Bond"
            },
            {
                "id": 1,
                "name": "Tiffany Baker"
            },
            {
                "id": 2,
                "name": "Jenna Odom"
            }
        ]
    },
    {
        "id": 20,
        "guid": "8cfc70b1-30f1-4ddc-a70b-01bb399f62c5",
        "isActive": false,
        "balance": "$3,591.00",
        "picture": "http://placehold.it/32x32",
        "age": 22,
        "name": "Mcclain Pope",
        "gender": "male",
        "company": "Zork",
        "email": "mcclainpope@zork.com",
        "phone": "+1 (832) 490-3175",
        "address": {
            "street": 727,
            "city": "Motley",
            "state": "Montana",
            "zip": 7714
        },
        "about": "Non quis do enim occaecat nostrud veniam aute sunt cupidatat dolor proident consequat nulla. Exercitation et quis nostrud consequat magna sit commodo. Ut cupidatat ea tempor aliqua sint Lorem. Ea consequat pariatur veniam fugiat quis et ullamco commodo anim eiusmod ex occaecat cupidatat. Mollit officia cupidatat ad ut aliquip irure esse incididunt et commodo.\r\n",
        "registered": "1991-08-13T16:09:19+05:00",
        "friends": [
            {
                "id": 0,
                "name": "Chandra Merrill"
            },
            {
                "id": 1,
                "name": "Ella Burton"
            },
            {
                "id": 2,
                "name": "Lewis Burt"
            }
        ]
    },
    {
        "id": 21,
        "guid": "7626cead-abce-4a91-a4a8-ef429d4e5fe2",
        "isActive": true,
        "balance": "$1,389.00",
        "picture": "http://placehold.it/32x32",
        "age": 25,
        "name": "Gladys Rivas",
        "gender": "female",
        "company": "Repetwire",
        "email": "gladysrivas@repetwire.com",
        "phone": "+1 (959) 453-2419",
        "address": {
            "street": 933,
            "city": "Vallonia",
            "state": "West Virginia",
            "zip": 5349
        },
        "about": "Non sit est excepteur magna dolore consectetur ut tempor. Voluptate occaecat id est duis tempor et irure enim. Id nisi dolore sunt incididunt eiusmod proident irure. Labore consectetur veniam adipisicing anim labore qui ullamco ad exercitation incididunt dolore. Aute anim ea reprehenderit anim reprehenderit labore culpa. Adipisicing magna velit reprehenderit magna reprehenderit. Aute excepteur excepteur ipsum cupidatat consectetur nisi exercitation reprehenderit mollit sit amet nulla mollit sit.\r\n",
        "registered": "1996-02-02T19:45:02+06:00",
        "friends": [
            {
                "id": 0,
                "name": "Deidre Francis"
            },
            {
                "id": 1,
                "name": "Dixon Morrow"
            },
            {
                "id": 2,
                "name": "Talley Vasquez"
            }
        ]
    },
    {
        "id": 22,
        "guid": "f389226a-e1d7-4f4e-9cc9-469e72500dbe",
        "isActive": true,
        "balance": "$3,230.00",
        "picture": "http://placehold.it/32x32",
        "age": 39,
        "name": "Pickett Britt",
        "gender": "male",
        "company": "Filodyne",
        "email": "pickettbritt@filodyne.com",
        "phone": "+1 (935) 509-2267",
        "address": {
            "street": 806,
            "city": "Longbranch",
            "state": "Oregon",
            "zip": 4795
        },
        "about": "Minim fugiat sit sit adipisicing mollit deserunt anim consectetur consequat ullamco anim veniam nostrud. Anim anim exercitation qui commodo. Amet sunt non ad in ipsum fugiat ipsum dolor aute aute culpa minim. Pariatur laborum nulla sunt consectetur commodo enim consequat excepteur ad est veniam. Quis duis adipisicing eu aute ad laboris laborum occaecat tempor voluptate.\r\n",
        "registered": "2010-04-04T02:24:05+05:00",
        "friends": [
            {
                "id": 0,
                "name": "Garrett House"
            },
            {
                "id": 1,
                "name": "Vaughn Haynes"
            },
            {
                "id": 2,
                "name": "Esmeralda England"
            }
        ]
    },
    {
        "id": 23,
        "guid": "ffde4469-85e9-4f87-a956-b91ccd4a33af",
        "isActive": true,
        "balance": "$3,646.00",
        "picture": "http://placehold.it/32x32",
        "age": 34,
        "name": "Ann Carrillo",
        "gender": "female",
        "company": "Nimon",
        "email": "anncarrillo@nimon.com",
        "phone": "+1 (852) 577-3425",
        "address": {
            "street": 382,
            "city": "Mappsville",
            "state": "Arizona",
            "zip": 3617
        },
        "about": "Reprehenderit nostrud commodo laborum commodo voluptate cupidatat veniam minim sit Lorem. Cupidatat laborum labore nulla adipisicing aliqua consectetur ut irure veniam. Mollit deserunt ad proident sunt officia aliqua nisi. Consequat aliqua et reprehenderit qui labore ullamco magna enim sit exercitation cillum culpa duis.\r\n",
        "registered": "1997-10-19T02:13:37+05:00",
        "friends": [
            {
                "id": 0,
                "name": "Owen Black"
            },
            {
                "id": 1,
                "name": "Amber Fischer"
            },
            {
                "id": 2,
                "name": "Amie Eaton"
            }
        ]
    },
    {
        "id": 24,
        "guid": "6692f76c-8a2e-47df-b24d-a545dffbd626",
        "isActive": true,
        "balance": "$3,461.00",
        "picture": "http://placehold.it/32x32",
        "age": 20,
        "name": "Glover Shaffer",
        "gender": "male",
        "company": "Aeora",
        "email": "glovershaffer@aeora.com",
        "phone": "+1 (861) 600-2289",
        "address": {
            "street": 702,
            "city": "Harrodsburg",
            "state": "Vermont",
            "zip": 3324
        },
        "about": "Qui aute quis exercitation aute dolore ea sit veniam excepteur sint aute commodo. Est minim ea reprehenderit sit cupidatat. Nisi esse adipisicing esse elit consequat laborum. Sint Lorem ullamco nisi ipsum magna laborum magna ad adipisicing excepteur excepteur elit. Laboris veniam veniam ullamco laboris.\r\n",
        "registered": "2006-11-04T07:28:54+05:00",
        "friends": [
            {
                "id": 0,
                "name": "Kelli Head"
            },
            {
                "id": 1,
                "name": "Jeannine Romero"
            },
            {
                "id": 2,
                "name": "Pate Rollins"
            }
        ]
    },
    {
        "id": 25,
        "guid": "1eafb0d1-e190-4aa8-a1f9-061eccedae62",
        "isActive": true,
        "balance": "$1,019.00",
        "picture": "http://placehold.it/32x32",
        "age": 28,
        "name": "Avery Adams",
        "gender": "male",
        "company": "Bolax",
        "email": "averyadams@bolax.com",
        "phone": "+1 (833) 568-3176",
        "address": {
            "street": 186,
            "city": "Siglerville",
            "state": "Iowa",
            "zip": 3639
        },
        "about": "Cillum irure non excepteur tempor nisi magna ea cupidatat. Anim laboris labore anim aliqua aute incididunt ea deserunt dolor fugiat. Laborum duis esse elit adipisicing pariatur Lorem consequat. Do excepteur mollit cupidatat mollit proident reprehenderit ipsum est ad.\r\n",
        "registered": "2012-07-14T23:27:18+05:00",
        "friends": [
            {
                "id": 0,
                "name": "Eaton Potter"
            },
            {
                "id": 1,
                "name": "Blair Dominguez"
            },
            {
                "id": 2,
                "name": "Heidi Savage"
            }
        ]
    },
    {
        "id": 26,
        "guid": "bfbdf4ca-034e-4022-9745-f8fd5cc57386",
        "isActive": false,
        "balance": "$1,911.00",
        "picture": "http://placehold.it/32x32",
        "age": 27,
        "name": "Whitley Maddox",
        "gender": "male",
        "company": "Quailcom",
        "email": "whitleymaddox@quailcom.com",
        "phone": "+1 (802) 570-2659",
        "address": {
            "street": 225,
            "city": "Fidelis",
            "state": "New York",
            "zip": 4962
        },
        "about": "Cillum consequat reprehenderit exercitation aliquip sunt. Tempor excepteur cupidatat incididunt ut nisi reprehenderit. Est deserunt nulla ullamco sit aliqua nulla eiusmod eiusmod elit. Ea esse et nisi magna voluptate amet id esse enim mollit. Velit adipisicing duis dolor exercitation consectetur commodo mollit sunt do sunt commodo. Irure id amet minim mollit laboris.\r\n",
        "registered": "2010-03-03T16:09:59+06:00",
        "friends": [
            {
                "id": 0,
                "name": "Jeannie Pollard"
            },
            {
                "id": 1,
                "name": "Gretchen Griffin"
            },
            {
                "id": 2,
                "name": "Leticia Bradley"
            }
        ]
    },
    {
        "id": 27,
        "guid": "c14fe44e-020a-42cf-8589-8a3ce0245316",
        "isActive": false,
        "balance": "$3,291.00",
        "picture": "http://placehold.it/32x32",
        "age": 37,
        "name": "Harris Cain",
        "gender": "male",
        "company": "Dancity",
        "email": "harriscain@dancity.com",
        "phone": "+1 (894) 491-2850",
        "address": {
            "street": 272,
            "city": "Colton",
            "state": "Michigan",
            "zip": 2740
        },
        "about": "Magna veniam id minim qui ea est commodo dolor nulla laboris. Irure mollit ad incididunt consequat enim ex veniam consequat dolor cupidatat. Cillum amet consectetur consectetur non irure. Ea ullamco do est qui do. Anim ut aliquip ad ea elit deserunt ea sunt velit.\r\n",
        "registered": "1998-03-04T16:55:11+06:00",
        "friends": [
            {
                "id": 0,
                "name": "Pitts Daugherty"
            },
            {
                "id": 1,
                "name": "Angie Bright"
            },
            {
                "id": 2,
                "name": "Twila Holt"
            }
        ]
    },
    {
        "id": 28,
        "guid": "6b954b89-7932-433b-8b7f-88cf2a18316e",
        "isActive": true,
        "balance": "$2,313.00",
        "picture": "http://placehold.it/32x32",
        "age": 49,
        "name": "Ramos Garner",
        "gender": "male",
        "company": "Kyaguru",
        "email": "ramosgarner@kyaguru.com",
        "phone": "+1 (955) 474-2021",
        "address": {
            "street": 725,
            "city": "Cressey",
            "state": "Mississippi",
            "zip": 1260
        },
        "about": "Nostrud elit id sit laborum cillum. Amet aliquip mollit ea veniam. Ex tempor mollit ex aliquip in. Ea ullamco commodo eu sint amet nisi reprehenderit id aliquip. Eiusmod ipsum duis mollit magna aliquip qui aliquip. Cillum et laboris fugiat mollit ipsum ad esse proident proident. Nisi fugiat ipsum incididunt do eiusmod tempor velit fugiat ullamco sint quis occaecat tempor.\r\n",
        "registered": "1994-05-09T21:35:57+05:00",
        "friends": [
            {
                "id": 0,
                "name": "Eva Hines"
            },
            {
                "id": 1,
                "name": "Nancy Quinn"
            },
            {
                "id": 2,
                "name": "Craig Stewart"
            }
        ]
    },
    {
        "id": 29,
        "guid": "d214a8fd-6bc6-4f40-a260-b7843c885d9a",
        "isActive": true,
        "balance": "$3,455.00",
        "picture": "http://placehold.it/32x32",
        "age": 39,
        "name": "Hanson Cooke",
        "gender": "male",
        "company": "Baluba",
        "email": "hansoncooke@baluba.com",
        "phone": "+1 (911) 401-2909",
        "address": {
            "street": 334,
            "city": "Machias",
            "state": "Utah",
            "zip": 4910
        },
        "about": "Aute anim duis officia do sit irure ea do ex ea veniam ut aute. Ut ex officia culpa cupidatat ea aliqua nulla reprehenderit reprehenderit nisi. Est eu duis cillum cillum. Nisi qui Lorem anim sunt ea. Cillum nostrud est sint minim consequat id ea deserunt. Exercitation consequat pariatur in tempor sint aliquip qui sit nostrud.\r\n",
        "registered": "1998-12-12T03:11:02+06:00",
        "friends": [
            {
                "id": 0,
                "name": "Rosales Villarreal"
            },
            {
                "id": 1,
                "name": "Clayton Dawson"
            },
            {
                "id": 2,
                "name": "Lottie Solomon"
            }
        ]
    },
    {
        "id": 30,
        "guid": "5c0c5c68-ea8e-4e28-907c-bdf4bc984730",
        "isActive": true,
        "balance": "$1,735.00",
        "picture": "http://placehold.it/32x32",
        "age": 33,
        "name": "Flora Perry",
        "gender": "female",
        "company": "Jimbies",
        "email": "floraperry@jimbies.com",
        "phone": "+1 (865) 537-2581",
        "address": {
            "street": 665,
            "city": "Kieler",
            "state": "Texas",
            "zip": 8491
        },
        "about": "Cillum esse culpa laboris ut elit veniam irure elit culpa ipsum fugiat aute. Officia dolore adipisicing deserunt laboris mollit do sunt id. Amet commodo ad quis dolore.\r\n",
        "registered": "1991-01-25T16:15:43+06:00",
        "friends": [
            {
                "id": 0,
                "name": "Schmidt Osborne"
            },
            {
                "id": 1,
                "name": "Camille Mckinney"
            },
            {
                "id": 2,
                "name": "Stacie Murray"
            }
        ]
    }
]